"STATION","DATE","HR00Val","HR01Val","HR02Val","HR03Val","HR04Val","HR05Val","HR06Val","HR07Val","HR08Val","HR09Val","HR10Val","HR11Val","HR12Val","HR13Val","HR14Val","HR15Val","HR16Val","HR17Val","HR18Val","HR19Val","HR20Val","HR21Val","HR22Val","HR23Val"
"USC00413691","1949-06-23","-9999","-9999","-9999","-9999","-9999","-9999","-9999","-9999","-9999","-9999","-9999","-9999","0","0","0","0","0","0","0","0","0","0","0","0"
"USC00413691","1949-06-24","0","0","0","0","0","0","0","45","9","7","3","1","0","0","0","0","0","0","0","0","0","0","0","0"
"USC00413691","1949-06-25","0","16","45","6","8","1","0","0","0","0","0","0","0","0","0","0","0","0","0","0","0","0","0","0"
"USC00413691","1949-06-26","0","0","0","0","0","0","0","0","0","0","0","0","0","0","0","0","0","0","0","0","0","0","0","0"
"USC00413691","1949-06-27","0","0","0","0","0","0","0","0","0","0","0","0","0","0","0","0","0","0","0","0","0","0","0","0"
"USC00413691","1949-06-28","0","0","0","0","0","0","0","0","0","0","0","0","0","0","0","0","0","0","0","0","0","0","0","0"
"USC00413691","1949-06-29","0","0","0","0","0","0","0","0","0","0","0","0","0","0","0","0","0","0","0","0","0","0","0","0"
"USC00413691","1949-06-30","0","0","0","0","0","0","0","0","0","0","0","0","0","0","0","0","0","0","0","0","0","0","0","0"
"USC00413691","1949-07-01","0","0","0","0","0","0","0","0","0","0","0","0","0","0","0","0","0","0","0","0","0","0","0","0"
"USC00413691","1949-07-02","0","0","0","0","0","0","0","0","0","0","0","0","0","0","0","0","0","0","0","0","0","0","0","0"
"USC00413691","1949-07-03","0","0","0","0","0","0","0","0","0","0","0","0","0","0","0","0","0","0","0","0","0","0","0","0"
"USC00413691","1949-07-04","0","0","0","0","0","0","0","0","0","0","0","0","0","0","0","0","0","0","0","0","0","0","0","0"
"USC00413691","1949-07-05","0","0","0","0","0","0","0","0","0","0","0","0","0","0","0","0","0","0","0","0","0","0","0","0"
"USC00413691","1949-07-06","0","0","0","0","0","0","0","0","0","0","0","0","0","0","0","0","0","0","0","0","0","0","0","0"
"USC00413691","1949-07-07","0","0","0","0","0","0","0","0","0","0","0","0","0","0","0","0","0","0","0","0","0","0","0","0"
"USC00413691","1949-07-08","0","0","0","0","0","0","0","0","0","0","0","0","0","0","0","0","0","0","0","0","0","0","0","0"
"USC00413691","1949-07-09","0","0","0","0","0","0","0","0","0","0","0","0","0","0","0","0","0","0","0","0","0","0","0","0"
"USC00413691","1949-07-10","0","0","0","0","0","0","0","0","0","0","0","0","0","0","0","0","0","0","0","0","0","0","0","0"
"USC00413691","1949-07-11","0","0","0","0","0","0","0","0","0","0","0","0","0","0","0","0","0","0","0","0","0","0","0","0"
"USC00413691","1949-07-12","0","0","0","0","0","0","0","0","0","0","0","0","0","0","0","0","0","0","0","0","0","0","0","0"
"USC00413691","1949-07-13","0","0","0","0","0","0","0","0","0","0","0","0","0","0","0","0","0","0","0","0","0","0","0","0"
"USC00413691","1949-07-14","0","0","0","0","0","0","0","0","0","0","0","0","0","0","0","0","0","0","0","0","0","0","0","0"
"USC00413691","1949-07-15","0","0","0","0","0","0","0","0","0","0","0","0","0","0","0","8","0","0","0","0","0","0","0","0"
"USC00413691","1949-07-16","0","0","0","0","0","0","0","0","0","0","0","0","0","0","0","0","0","0","0","0","0","0","0","0"
"USC00413691","1949-07-17","0","0","0","0","0","0","0","0","0","0","0","0","0","0","0","0","0","0","0","0","0","0","0","0"
"USC00413691","1949-07-18","0","0","0","0","0","0","0","0","0","0","0","0","0","0","0","0","0","0","0","0","0","0","0","0"
"USC00413691","1949-07-19","0","0","0","0","0","0","0","0","0","0","0","0","0","0","0","0","0","0","0","0","0","0","0","0"
"USC00413691","1949-07-20","0","0","0","0","0","0","0","0","0","0","0","0","0","0","0","0","0","0","0","0","0","0","0","0"
"USC00413691","1949-07-21","0","0","0","0","0","0","0","0","0","0","0","0","0","0","0","0","0","0","0","0","0","0","0","0"
"USC00413691","1949-07-22","0","0","0","0","0","0","0","0","0","0","0","0","0","0","0","0","0","0","0","0","0","0","0","0"
"USC00413691","1949-07-23","0","0","0","0","0","0","0","0","0","0","0","0","0","0","0","0","0","0","0","0","0","0","0","0"
"USC00413691","1949-07-24","0","0","0","0","0","0","0","0","0","0","0","0","0","0","0","0","0","0","0","0","0","0","0","0"
"USC00413691","1949-07-25","0","0","0","0","0","0","0","0","0","0","0","0","0","0","0","0","0","0","0","0","0","0","0","0"
"USC00413691","1949-07-26","0","0","0","0","0","0","0","0","0","0","32","58","0","0","0","0","0","0","0","0","0","0","0","0"
"USC00413691","1949-07-27","0","0","0","0","0","0","0","0","0","0","0","0","0","0","0","0","0","0","0","0","0","0","0","0"
"USC00413691","1949-07-28","0","0","0","0","0","0","0","0","0","0","0","0","0","0","0","0","0","0","0","0","0","0","0","0"
"USC00413691","1949-07-29","0","0","0","0","0","0","0","0","0","0","0","0","0","0","0","0","0","0","0","0","0","0","0","0"
"USC00413691","1949-07-30","0","0","0","0","0","0","0","0","0","0","0","0","0","0","0","0","0","0","0","0","0","0","0","0"
"USC00413691","1949-07-31","0","0","0","0","0","0","0","0","0","0","0","0","0","0","0","0","0","0","0","0","0","0","0","0"
"USC00413691","1949-08-01","0","0","0","0","0","0","0","0","0","0","0","0","0","0","0","0","0","0","0","0","0","0","0","0"
"USC00413691","1949-08-02","0","0","0","0","0","0","0","0","0","0","0","0","0","0","0","0","0","0","0","0","0","0","0","0"
"USC00413691","1949-08-03","0","0","0","0","0","0","0","0","0","0","0","0","0","0","0","0","0","0","0","0","0","0","0","0"
"USC00413691","1949-08-04","0","0","0","0","0","0","0","0","0","0","0","0","3","0","0","0","0","0","0","0","0","0","0","0"
"USC00413691","1949-08-05","0","0","0","0","0","0","0","0","0","0","0","0","0","0","0","0","0","0","0","0","0","0","0","0"
"USC00413691","1949-08-06","0","0","0","0","0","0","0","0","0","0","0","0","0","0","0","0","0","0","0","0","0","0","0","0"
"USC00413691","1949-08-07","0","0","0","0","0","0","0","0","0","0","0","0","0","0","0","0","5","3","0","0","0","0","0","0"
"USC00413691","1949-08-08","0","0","0","0","0","0","0","0","0","0","0","0","0","0","72","0","3","2","0","0","0","0","0","0"
"USC00413691","1949-08-09","0","0","0","0","0","0","0","0","0","0","0","0","0","0","0","0","0","0","0","0","0","0","0","0"
"USC00413691","1949-08-10","0","0","0","0","0","0","0","0","0","0","0","0","0","0","0","0","0","0","0","0","0","0","0","0"
"USC00413691","1949-08-11","0","0","0","0","0","0","0","0","0","0","0","0","0","0","0","0","0","0","0","0","0","0","0","0"
"USC00413691","1949-08-12","0","0","0","0","0","0","0","0","0","0","0","0","0","0","0","0","0","0","0","0","0","0","0","0"
"USC00413691","1949-08-13","0","0","0","0","0","0","0","0","0","0","0","0","0","0","0","0","0","0","0","0","0","0","0","0"
"USC00413691","1949-08-14","0","0","0","0","0","0","0","0","0","0","0","0","0","0","0","0","0","0","0","0","0","0","0","0"
"USC00413691","1949-08-15","0","0","0","0","0","0","0","0","0","0","0","0","0","0","0","0","0","0","0","0","0","65","20","0"
"USC00413691","1949-08-16","0","0","0","0","0","0","0","0","0","0","0","0","0","0","0","0","0","0","0","0","0","0","0","0"
"USC00413691","1949-08-17","0","0","0","0","0","0","0","0","0","0","0","0","0","45","0","0","0","0","0","0","0","0","0","0"
"USC00413691","1949-08-18","0","0","0","0","0","0","0","0","0","0","0","0","0","0","0","0","0","0","0","0","0","0","0","0"
"USC00413691","1949-08-19","0","0","0","0","0","4","0","0","0","0","0","0","0","0","0","0","0","0","0","0","0","0","0","0"
"USC00413691","1949-08-20","0","0","0","0","0","0","0","0","0","0","0","0","0","0","0","0","0","0","0","0","0","0","0","0"
"USC00413691","1949-08-21","0","0","0","0","0","0","0","0","0","0","0","0","0","0","0","0","0","0","0","0","0","0","0","0"
"USC00413691","1949-08-22","0","0","0","0","0","0","0","0","0","0","0","0","0","0","0","0","0","0","0","0","0","0","0","0"
"USC00413691","1949-08-23","0","0","0","0","0","0","0","0","0","0","0","0","0","0","0","0","0","0","0","0","0","0","0","0"
"USC00413691","1949-08-24","0","0","0","0","0","0","0","0","0","0","0","0","0","0","0","0","0","0","0","0","0","0","0","0"
"USC00413691","1949-08-25","0","0","0","0","0","0","0","0","0","0","0","0","0","0","0","0","0","0","0","0","0","0","0","0"
"USC00413691","1949-08-26","0","0","0","0","0","0","0","0","0","0","0","0","0","0","0","0","0","0","0","0","0","0","0","0"
"USC00413691","1949-08-27","0","0","0","0","0","0","0","0","0","0","0","0","0","0","0","0","0","0","0","0","0","0","0","0"
"USC00413691","1949-08-28","0","0","0","0","0","0","0","0","0","0","0","0","0","0","0","0","0","0","0","0","0","0","0","0"
"USC00413691","1949-08-29","0","0","0","0","0","0","0","0","0","0","0","0","0","0","0","0","0","0","0","0","0","0","0","0"
"USC00413691","1949-08-30","0","0","0","0","0","0","0","0","0","0","0","0","0","0","0","0","0","0","0","0","0","0","0","0"
"USC00413691","1949-08-31","0","0","0","0","0","0","0","0","0","0","0","0","0","0","0","0","0","0","0","0","0","0","0","0"
"USC00413691","1949-09-01","0","0","0","0","0","0","0","0","0","0","0","0","0","0","0","0","0","0","0","0","0","0","0","0"
"USC00413691","1949-09-02","0","0","0","0","0","0","0","0","0","0","0","0","0","0","0","0","0","0","0","0","0","0","0","0"
"USC00413691","1949-09-03","0","0","0","0","0","0","0","0","0","0","0","0","0","0","0","0","0","0","0","0","0","0","0","0"
"USC00413691","1949-09-04","0","0","0","0","0","0","0","0","0","0","0","0","0","0","0","0","0","0","0","0","0","0","0","0"
"USC00413691","1949-09-05","0","0","0","0","0","0","0","0","0","0","0","0","0","0","0","0","0","0","0","0","0","0","0","0"
"USC00413691","1949-09-06","0","0","0","0","0","0","0","0","0","0","0","0","0","0","0","0","0","0","0","0","0","0","0","0"
"USC00413691","1949-09-07","0","0","0","0","0","0","0","0","0","0","0","0","0","0","0","0","0","22","0","0","0","0","0","0"
"USC00413691","1949-09-08","0","0","0","0","0","0","0","9","60","105","45","12","3","0","0","0","0","0","0","0","0","0","0","0"
"USC00413691","1949-09-09","0","0","0","0","0","0","0","0","0","0","0","0","0","0","0","0","0","0","0","0","0","0","0","0"
"USC00413691","1949-09-10","0","0","0","0","0","0","0","0","0","0","0","0","0","0","0","0","0","0","0","0","0","0","0","0"
"USC00413691","1949-09-11","0","0","0","0","0","0","0","0","0","0","0","0","0","0","0","0","0","0","0","0","0","0","0","0"
"USC00413691","1949-09-12","0","0","0","0","0","0","0","0","0","0","0","0","0","0","0","0","0","0","0","0","0","0","0","0"
"USC00413691","1949-09-13","0","0","0","0","0","0","0","0","0","0","20","99","6","5","2","0","0","0","0","0","0","0","0","0"
"USC00413691","1949-09-14","0","0","0","0","0","0","0","0","0","0","0","14","11","10","0","0","0","0","0","0","0","0","0","0"
"USC00413691","1949-09-15","0","0","0","0","0","4","1","0","1","0","0","0","0","0","0","0","0","0","0","0","0","0","0","0"
"USC00413691","1949-09-16","0","0","0","0","0","0","0","0","0","0","0","0","0","0","0","0","0","0","0","0","0","0","0","0"
"USC00413691","1949-09-17","0","0","0","0","0","0","0","0","0","0","0","0","0","0","0","0","0","0","0","0","0","0","0","0"
"USC00413691","1949-09-18","0","0","0","0","0","0","0","0","0","0","0","0","0","0","0","0","0","0","0","0","0","0","0","0"
"USC00413691","1949-09-19","0","0","0","0","10","2","0","0","0","0","0","0","0","0","0","0","0","0","0","0","0","0","0","0"
"USC00413691","1949-09-20","0","0","0","0","0","0","0","0","0","0","0","0","0","0","0","0","0","0","0","0","0","0","0","0"
"USC00413691","1949-09-21","0","0","0","0","0","0","0","0","0","0","0","0","0","0","0","0","0","0","0","0","0","0","0","0"
"USC00413691","1949-09-22","0","0","0","0","0","0","0","0","0","0","0","0","0","0","0","0","0","0","0","0","0","0","0","0"
"USC00413691","1949-09-23","0","0","0","0","0","0","0","0","0","0","0","0","0","0","0","0","0","0","0","0","0","0","0","0"
"USC00413691","1949-09-24","0","0","0","0","0","0","0","0","0","0","0","0","0","0","0","0","0","0","0","0","0","0","0","0"
"USC00413691","1949-09-25","0","0","0","0","0","0","0","0","0","0","0","0","0","0","0","0","0","0","0","0","0","0","0","0"
"USC00413691","1949-09-26","0","0","0","0","0","0","0","0","0","0","0","0","0","0","0","0","0","0","0","0","0","0","0","0"
"USC00413691","1949-09-27","0","0","0","0","0","0","0","0","0","0","0","0","0","0","0","0","0","0","0","0","0","0","0","0"
"USC00413691","1949-09-28","0","0","0","0","0","0","0","0","0","0","0","0","0","0","0","0","0","0","0","0","0","0","0","0"
"USC00413691","1949-09-29","0","0","0","0","0","0","0","0","0","0","0","0","0","0","0","0","0","0","0","0","0","0","0","0"
"USC00413691","1949-09-30","0","0","0","0","0","0","0","0","0","0","0","0","0","0","0","0","0","0","0","0","0","0","0","0"
"USC00413691","1949-10-01","0","0","0","0","0","0","0","0","0","0","0","0","0","0","0","0","0","0","0","0","0","0","0","0"
"USC00413691","1949-10-02","0","0","0","0","0","0","0","0","0","0","0","0","0","0","0","0","0","0","0","0","0","0","-9999","-9999"
"USC00413691","1949-10-03","-9999","8","0","0","0","0","0","0","0","0","-9999","-9999","-9999","-9999","-9999","-9999","104","0","0","0","0","0","0","0"
"USC00413691","1949-10-04","0","0","0","0","0","0","0","0","0","0","0","0","0","0","0","0","0","0","0","0","0","0","0","0"
"USC00413691","1949-10-05","0","0","0","0","0","0","0","0","0","0","0","0","0","0","0","0","0","0","0","0","0","0","0","0"
"USC00413691","1949-10-06","0","0","0","0","0","0","0","0","0","0","0","0","0","0","0","0","0","0","16","1","6","2","2","1"
"USC00413691","1949-10-07","1","1","1","1","0","0","0","0","0","0","0","0","0","0","0","0","0","0","0","0","0","0","0","0"
"USC00413691","1949-10-08","0","0","0","0","0","0","0","0","0","0","0","0","0","0","0","0","0","0","0","0","0","0","0","6"
"USC00413691","1949-10-09","19","81","1","1","0","0","0","0","0","0","0","0","0","0","0","0","0","0","0","0","0","0","0","0"
"USC00413691","1949-10-10","0","0","1","2","1","0","0","0","0","0","0","0","0","0","0","0","0","0","0","0","0","0","0","0"
"USC00413691","1949-10-11","0","0","0","0","0","0","0","0","0","2","0","0","3","0","0","0","0","0","0","0","0","0","0","0"
"USC00413691","1949-10-12","0","0","0","0","0","0","0","0","0","0","0","0","0","0","0","0","0","0","0","0","0","0","0","0"
"USC00413691","1949-10-13","0","0","0","0","0","0","0","0","0","0","0","0","0","0","0","0","0","0","0","0","0","0","0","0"
"USC00413691","1949-10-14","0","0","0","0","0","0","0","0","0","0","0","0","0","0","0","0","0","0","0","0","0","0","0","0"
"USC00413691","1949-10-15","0","0","0","0","0","0","0","0","0","0","0","0","0","0","0","0","0","0","0","0","0","0","0","0"
"USC00413691","1949-10-16","0","0","0","0","0","0","0","0","0","0","0","0","0","0","0","0","0","0","0","0","0","0","0","0"
"USC00413691","1949-10-17","0","0","0","0","0","0","0","0","0","0","0","0","0","0","0","0","0","0","0","0","0","0","0","0"
"USC00413691","1949-10-18","0","0","0","0","0","0","0","0","0","0","0","0","0","0","0","0","0","0","0","0","0","0","0","0"
"USC00413691","1949-10-19","0","0","0","0","0","0","0","0","0","0","0","0","0","0","0","0","0","0","0","0","0","0","0","0"
"USC00413691","1949-10-20","0","0","0","0","0","0","0","0","0","0","0","0","0","0","0","0","0","0","0","0","0","0","0","0"
"USC00413691","1949-10-21","0","0","-9999","-9999","-9999","-9999","-9999","-9999","-9999","30","0","0","0","24","0","0","0","0","0","0","0","0","0","0"
"USC00413691","1949-10-22","0","0","0","0","0","0","0","0","0","0","0","0","0","0","0","0","0","0","0","0","0","0","0","0"
"USC00413691","1949-10-23","1","0","1","0","-9999","-9999","-9999","-9999","-9999","3","34","26","0","0","0","0","0","9","6","2","1","1","0","1"
"USC00413691","1949-10-24","1","41","65","110","73","115","12","11","9","2","1","0","0","0","0","0","0","0","0","0","0","0","0","0"
"USC00413691","1949-10-25","0","0","0","0","0","0","0","0","0","0","0","0","0","0","0","0","0","0","0","0","0","0","0","0"
"USC00413691","1949-10-26","0","0","0","0","0","0","0","0","0","0","0","0","0","0","0","0","0","0","0","0","0","0","0","0"
"USC00413691","1949-10-27","0","0","0","0","0","0","0","0","0","0","0","0","0","0","0","0","0","0","0","0","0","0","0","0"
"USC00413691","1949-10-28","0","0","0","0","0","0","0","0","0","0","0","0","0","0","0","0","0","0","0","0","0","0","0","0"
"USC00413691","1949-10-29","0","0","0","0","0","0","0","0","0","0","0","0","0","0","0","0","0","0","0","0","0","0","0","0"
"USC00413691","1949-10-30","0","0","0","0","0","0","0","0","0","0","0","0","0","0","0","0","0","0","0","0","0","0","0","0"
"USC00413691","1949-10-31","0","0","0","0","0","0","0","0","0","0","0","0","0","0","0","0","0","0","0","0","0","0","0","0"
"USC00413691","1949-11-01","0","0","0","0","0","0","0","0","0","0","0","0","0","0","0","0","0","0","0","0","0","0","0","0"
"USC00413691","1949-11-02","0","0","0","0","0","0","0","0","0","0","0","0","0","0","0","0","0","0","0","0","0","0","0","0"
"USC00413691","1949-11-03","0","0","0","0","0","0","0","0","0","0","0","0","0","0","0","0","0","0","0","0","0","0","0","0"
"USC00413691","1949-11-04","0","0","0","0","0","0","0","0","0","0","0","0","0","0","0","0","0","0","0","0","0","0","0","0"
"USC00413691","1949-11-05","0","0","0","0","0","0","0","0","0","0","0","0","0","0","0","0","0","0","0","0","0","0","0","0"
"USC00413691","1949-11-06","0","0","0","0","0","0","0","0","0","0","0","0","0","0","0","0","0","0","0","0","0","0","0","0"
"USC00413691","1949-11-07","0","0","0","0","0","0","0","0","0","0","0","0","0","0","0","0","0","0","0","0","0","0","0","0"
"USC00413691","1949-11-08","0","0","0","0","0","0","0","0","0","0","0","0","0","0","0","0","0","0","0","0","0","0","0","0"
"USC00413691","1949-11-09","0","0","0","0","0","0","0","0","0","0","0","0","0","0","0","0","0","0","0","0","0","0","0","0"
"USC00413691","1949-11-10","0","0","0","0","0","0","0","0","0","0","0","0","0","0","0","0","0","0","0","0","0","0","0","0"
"USC00413691","1949-11-11","0","0","0","0","0","0","0","0","0","0","0","0","0","0","0","0","0","0","23","1","1","0","0","0"
"USC00413691","1949-11-12","0","0","0","0","0","0","0","0","0","0","0","0","0","0","0","0","0","0","0","0","0","0","0","0"
"USC00413691","1949-11-13","0","0","0","0","0","0","0","0","0","0","0","0","0","0","0","0","0","0","0","0","0","0","0","0"
"USC00413691","1949-11-14","0","0","0","0","0","0","0","0","0","0","0","0","0","0","0","0","0","0","0","0","0","0","0","0"
"USC00413691","1949-11-15","0","0","0","0","0","0","0","0","0","0","0","0","0","0","0","0","0","0","0","0","0","0","0","0"
"USC00413691","1949-11-16","0","0","0","0","0","0","0","0","0","0","0","0","0","0","0","0","0","0","0","0","0","0","0","0"
"USC00413691","1949-11-17","0","0","0","0","0","0","0","0","0","0","0","0","0","0","0","0","0","0","0","0","0","0","0","0"
"USC00413691","1949-11-18","0","0","0","0","0","0","0","0","0","0","0","0","0","0","0","0","0","0","0","0","0","0","0","0"
"USC00413691","1949-11-19","0","0","0","0","0","0","0","0","0","0","0","0","0","0","0","0","0","0","0","0","0","0","0","0"
"USC00413691","1949-11-20","0","0","0","0","0","0","0","0","0","0","0","0","0","0","0","0","0","0","0","0","0","0","0","0"
"USC00413691","1949-11-21","0","0","0","0","0","0","0","0","0","0","0","0","0","0","0","0","0","0","0","0","0","0","0","0"
"USC00413691","1949-11-22","0","0","0","0","0","0","0","0","0","0","0","0","0","0","0","0","0","0","0","0","0","0","0","0"
"USC00413691","1949-11-23","0","0","0","0","0","0","0","0","0","0","0","0","0","0","0","0","0","0","0","0","0","0","0","0"
"USC00413691","1949-11-24","0","0","0","0","0","0","0","0","0","0","0","0","0","0","0","0","0","0","0","0","0","0","0","0"
"USC00413691","1949-11-25","0","0","0","0","0","0","0","0","0","0","0","0","0","0","0","0","0","0","0","0","0","0","0","0"
"USC00413691","1949-11-26","0","0","0","0","0","0","0","0","0","0","0","0","0","0","0","0","0","0","0","0","0","0","0","0"
"USC00413691","1949-11-27","0","0","0","0","0","0","0","0","0","0","0","0","0","0","0","0","0","0","0","0","0","0","0","0"
"USC00413691","1949-11-28","0","0","0","0","0","0","0","0","0","0","0","0","0","0","0","0","0","0","0","0","0","0","0","0"
"USC00413691","1949-11-29","0","0","0","0","0","0","0","0","0","0","0","0","0","0","0","0","0","0","0","0","0","0","0","0"
"USC00413691","1949-11-30","0","0","0","0","0","0","0","0","0","0","0","0","0","0","0","0","0","0","0","0","0","0","0","0"
"USC00413691","1949-12-01","0","0","0","0","0","0","0","0","0","0","0","0","0","0","0","0","0","0","0","0","0","0","0","0"
"USC00413691","1949-12-02","0","0","0","0","0","0","0","0","0","0","0","0","0","0","0","0","0","0","0","0","0","0","0","0"
"USC00413691","1949-12-03","0","0","0","0","0","0","0","7","7","6","2","1","0","0","0","0","0","0","0","0","0","0","0","0"
"USC00413691","1949-12-04","0","0","0","0","0","0","0","0","0","0","0","0","0","0","0","0","0","0","0","0","0","0","0","0"
"USC00413691","1949-12-05","0","0","0","0","0","0","0","0","0","0","0","0","0","0","0","0","0","0","0","0","0","0","0","0"
"USC00413691","1949-12-06","0","0","0","0","0","0","0","0","0","0","0","0","0","0","0","0","0","0","0","0","0","0","0","0"
"USC00413691","1949-12-07","0","0","0","0","0","0","0","0","0","0","0","0","0","0","0","0","0","0","0","0","0","0","0","0"
"USC00413691","1949-12-08","0","0","0","0","0","0","0","0","0","0","0","0","0","0","2","0","0","10","1","0","0","0","0","0"
"USC00413691","1949-12-09","0","0","0","0","0","0","0","0","0","0","0","0","0","0","0","0","0","0","0","0","0","0","0","0"
"USC00413691","1949-12-10","0","0","0","0","0","0","0","2","0","0","0","0","1","2","0","4","0","0","0","0","0","0","0","0"
"USC00413691","1949-12-11","0","0","0","0","0","0","0","0","0","0","0","0","0","0","0","0","0","0","0","0","0","0","0","0"
"USC00413691","1949-12-12","0","0","0","0","0","0","0","0","0","0","2","1","1","18","4","1","0","0","0","0","0","0","0","0"
"USC00413691","1949-12-13","0","0","0","0","0","0","0","0","0","0","0","0","0","0","0","0","0","0","0","0","0","0","0","0"
"USC00413691","1949-12-14","0","0","0","0","0","0","0","0","0","0","0","0","0","0","0","0","0","0","0","0","0","0","0","0"
"USC00413691","1949-12-15","0","0","0","0","0","0","0","0","0","0","0","0","0","0","0","0","0","0","0","0","0","0","0","0"
"USC00413691","1949-12-16","0","0","0","0","0","0","0","0","0","0","0","0","0","0","0","0","0","0","0","0","0","0","0","0"
"USC00413691","1949-12-17","0","0","0","0","0","0","7","1","9","0","0","0","0","0","0","0","0","0","0","0","0","0","0","0"
"USC00413691","1949-12-18","0","0","0","0","0","0","0","0","0","0","0","0","0","0","0","0","0","0","0","0","0","0","0","0"
"USC00413691","1949-12-19","0","0","0","0","0","0","0","0","0","0","0","0","0","0","0","0","0","0","0","0","0","0","0","0"
"USC00413691","1949-12-20","0","0","0","0","0","0","0","0","0","0","0","0","0","0","0","0","0","0","0","0","0","0","0","0"
"USC00413691","1949-12-21","0","0","0","0","0","0","0","0","6","0","0","0","0","0","0","0","0","0","0","0","0","0","0","0"
"USC00413691","1949-12-22","0","0","0","0","0","0","0","0","0","0","0","0","0","0","0","0","0","0","0","0","0","0","0","0"
"USC00413691","1949-12-23","0","0","0","0","0","0","0","0","0","0","0","0","0","0","0","0","0","0","0","0","0","0","0","0"
"USC00413691","1949-12-24","0","0","0","0","0","0","0","0","0","0","0","0","0","0","0","0","0","0","0","0","0","0","0","0"
"USC00413691","1949-12-25","0","0","0","0","0","0","0","0","0","0","0","0","0","0","0","2","7","3","0","0","0","0","8","2"
"USC00413691","1949-12-26","0","0","0","0","0","0","0","0","0","0","0","0","0","0","0","0","0","0","0","0","0","0","0","0"
"USC00413691","1949-12-27","0","0","0","0","0","0","0","0","0","0","0","0","0","0","0","0","0","0","0","0","0","0","0","0"
"USC00413691","1949-12-28","0","0","0","0","0","0","0","0","0","0","0","0","0","0","0","0","0","0","0","0","0","0","0","0"
"USC00413691","1949-12-29","0","0","0","0","0","0","0","0","0","0","0","0","0","0","0","0","0","0","0","0","0","0","0","0"
"USC00413691","1949-12-30","0","0","0","0","0","0","0","0","0","0","0","0","0","0","0","0","0","0","0","8","5","1","2","1"
"USC00413691","1949-12-31","1","0","0","1","1","10","0","0","1","0","0","0","0","0","0","0","0","0","0","1","0","0","0","1"
"USC00413691","1950-01-01","0","0","0","0","0","0","0","0","0","0","0","0","0","0","0","0","0","0","0","0","0","0","0","1"
"USC00413691","1950-01-02","1","6","3","0","2","2","0","0","0","0","0","0","0","0","0","0","0","0","0","0","0","0","0","0"
"USC00413691","1950-01-03","0","0","0","0","0","0","0","0","0","0","0","0","0","0","0","0","0","0","0","0","13","3","1","1"
"USC00413691","1950-01-04","1","6","11","4","0","0","0","1","7","10","0","0","0","0","0","0","0","0","0","0","0","0","0","0"
"USC00413691","1950-01-05","0","0","0","0","0","0","0","0","0","0","0","0","0","0","0","0","0","0","0","0","0","0","0","0"
"USC00413691","1950-01-06","0","0","0","0","0","0","0","0","0","0","0","0","0","0","0","0","0","0","0","0","0","0","0","0"
"USC00413691","1950-01-07","0","0","0","0","0","0","0","0","0","0","0","0","0","0","0","0","0","0","0","0","0","0","0","0"
"USC00413691","1950-01-08","0","0","0","0","0","0","0","0","0","0","0","0","0","0","0","0","0","0","0","0","0","0","0","0"
"USC00413691","1950-01-09","0","0","0","0","0","0","0","3","3","5","2","1","0","0","0","0","0","0","0","0","0","0","0","0"
"USC00413691","1950-01-10","0","0","0","0","0","0","0","0","0","0","0","0","0","0","0","0","0","0","0","0","0","0","0","0"
"USC00413691","1950-01-11","0","0","0","0","0","0","0","0","0","0","0","0","0","0","0","0","0","0","0","0","0","0","0","0"
"USC00413691","1950-01-12","0","0","0","0","0","0","0","5","67","38","47","50","33","34","1","0","0","0","2","1","0","0","1","1"
"USC00413691","1950-01-13","0","0","27","28","22","1","1","0","1","0","0","0","0","0","0","0","0","0","0","0","0","0","0","0"
"USC00413691","1950-01-14","0","0","0","0","0","0","0","0","0","0","0","0","0","0","0","0","0","7","0","0","3","0","0","0"
"USC00413691","1950-01-15","0","0","0","0","0","0","0","0","0","0","0","0","0","0","0","0","0","0","0","0","0","0","0","0"
"USC00413691","1950-01-16","0","0","0","0","0","0","0","0","0","0","0","0","0","0","0","0","0","0","0","0","0","0","0","0"
"USC00413691","1950-01-17","0","0","0","0","0","0","0","0","-9999","-9999","-9999","-9999","-9999","-9999","-9999","-9999","-9999","-9999","-9999","-9999","-9999","-9999","-9999","-9999"
"USC00413691","1950-01-18","-9999","-9999","-9999","-9999","-9999","-9999","-9999","3","0","0","0","0","0","0","0","0","0","0","0","0","0","0","0","0"
"USC00413691","1950-01-19","0","0","0","0","0","0","0","0","0","0","0","0","0","0","0","0","0","0","0","0","0","0","0","0"
"USC00413691","1950-01-20","0","0","0","0","0","0","0","0","0","0","0","0","0","0","0","0","0","0","0","0","0","0","0","0"
"USC00413691","1950-01-21","0","0","0","0","0","0","0","0","0","0","0","0","0","0","0","0","0","0","0","0","0","0","0","0"
"USC00413691","1950-01-22","0","0","0","0","0","0","0","0","0","0","0","0","0","0","0","0","0","0","0","0","0","0","0","0"
"USC00413691","1950-01-23","0","0","0","0","0","0","0","0","0","0","0","0","0","0","0","0","0","0","0","0","0","0","0","0"
"USC00413691","1950-01-24","0","0","0","0","0","0","0","0","0","0","0","0","0","0","0","0","0","0","0","0","0","0","0","0"
"USC00413691","1950-01-25","0","0","0","0","0","0","0","0","0","0","0","0","0","0","0","0","0","0","0","0","0","0","0","0"
"USC00413691","1950-01-26","0","0","0","0","0","0","0","0","0","0","0","0","0","0","0","0","0","0","0","0","0","0","0","0"
"USC00413691","1950-01-27","0","0","0","0","0","0","0","0","0","0","0","0","0","0","0","0","0","0","0","0","0","0","0","0"
"USC00413691","1950-01-28","0","0","0","0","0","0","0","0","0","0","0","0","0","0","0","0","0","0","0","0","0","0","0","0"
"USC00413691","1950-01-29","0","0","0","0","0","0","0","0","0","0","0","0","0","0","0","0","0","0","0","0","0","0","0","0"
"USC00413691","1950-01-30","0","0","0","0","0","0","0","0","0","0","0","0","0","0","0","0","0","0","0","0","0","0","0","0"
